<beans xmlns="http://www.springframework.org/schema/beans"
	xmlns:xsi="http://www.w3.org/2001/XMLSchema-instance" xmlns:context="http://www.springframework.org/schema/context"
	xsi:schemaLocation="http://www.springframework.org/schema/beans
     http://www.springframework.org/schema/beans/spring-beans-4.0.xsd
     http://www.springframework.org/schema/context
     http://www.springframework.org/schema/context/spring-context-4.0.xsd">


	 <bean id="emp"  class="com.cg.dto.Employee">
		<property name="employeeId" value="1001"></property>
		<property name="employeeName" value="Nayana"></property>
		<property name="employeeSal" value="50000"></property>
		<property name="sBU">	
		
		<ref bean="One"/>
		
		</property>
		</bean>
		
		<bean id="One" class="com.cg.dto.SBusinessUnit">
		<property name="sbuId" value="10001"></property>
		<property name="sbuName" value="KC"></property>
		<property name="sbuHead" value="DC"></property>
		</bean>
		
		
		</beans>
