<beans xmlns="http://www.springframework.org/schema/beans"
	xmlns:xsi="http://www.w3.org/2001/XMLSchema-instance" xmlns:context="http://www.springframework.org/schema/context"
	xsi:schemaLocation="http://www.springframework.org/schema/beans
     http://www.springframework.org/schema/beans/spring-beans-4.0.xsd
     http://www.springframework.org/schema/context
     http://www.springframework.org/schema/context/spring-context-4.0.xsd">


	 <bean id="sbu" class="com.cg.dto.SBusinessUnit">
		<property name="sbuId" value="1001"></property>
		<property name="sbuName" value="Nayana"></property>
		<property name="sbuHead" value="SD"></property>
		<property name="empList">	
		<list>
		<ref bean="One"/>
		<ref bean="Two"/>
		</list>
		</property>
		</bean>
		
		<bean id="One" class="com.cg.dto.Employee">
		<property name="employeeId" value="1002"></property>
		<property name="employeeName" value="hr"></property>
		<property name="employeeSal" value="50000"></property>
		</bean>
		
		<bean id="Two" class="com.cg.dto.Employee">
		<property name="employeeId" value="1003"></property>
		<property name="employeeName" value="br"></property>
		<property name="employeeSal" value="50001"></property>
		</bean>


	

</beans>