<beans xmlns="http://www.springframework.org/schema/beans"
	xmlns:xsi="http://www.w3.org/2001/XMLSchema-instance" xmlns:context="http://www.springframework.org/schema/context"
	xsi:schemaLocation="http://www.springframework.org/schema/beans
     http://www.springframework.org/schema/beans/spring-beans-4.0.xsd
     http://www.springframework.org/schema/context
     http://www.springframework.org/schema/context/spring-context-4.0.xsd">
	
	<bean id="empSer" class="com.cg.service.EmployeeServiceImpl">
		<property name="employeedao" ref="empDao"></property>
	</bean>
	
	<bean id="empDao" class="com.cg.dao.EmployeeDaoImpl">
		<property name="emp">
			<list>
				<ref bean="one" />
				<ref bean="two" />
			</list>
		</property>
	</bean>

	<bean id="one" class="com.cg.dto.Employee">
		<property name="empId" value="123"></property>
		<property name="empName" value="Nayana"></property>
		<property name="empSal" value="50000"></property>
	</bean>
	<bean id="two" class="com.cg.dto.Employee">
		<property name="empId" value="456"></property>
		<property name="empName" value="Jyoti"></property>
		<property name="empSal" value="50000"></property>
	</bean>
</beans>